{"mean": [78.82937516526478, 81.56047268902383, 2.733597546088986, 0.8809941512782399, 0.0, 0.1271951245825465, 8.939024390243903, 12.562140859481765, 3509850.6097560977, 799.9676349588284, 112.3406763658291, 0.6383585557341576, 0.8351940012468797, 2.4832317073170733, 0.4587362982877871, 0.3780487804878049, 0.0007803902527240741, 0.3949996356102752, 0.00968166645516914, 21.778587054915544, 0.5866340120754591], "scale": [63.696647819376935, 60.97786208294488, 8.390558361828427, 3.038205000616467, 1.0, 0.4936753134979612, 9.434430406599335, 21.640591584223095, 4071578.2916550976, 2651.061114670808, 96.04646092553584, 0.31004283520533654, 0.264416510679475, 0.3413579159760677, 0.2709580049727759, 0.7431023286137618, 0.0005209030168065045, 0.29937308702402876, 0.028039535235020382, 16.504999069186873, 0.5586374050054165]}