{"mean": [88.22186481858824, 154.30870176056214, 140.50875345805218, 51.07806466644957, 0.2480916030534351, 0.07866412192184961, 14631.202290076335, 4.089774518040496, 3480171.579198473, 0.11405744313313557, 75.77210800297104, 0.508522015745229, 0.7475322209723393, 2.0509899809160306, 0.8596745989079239, 0.9036259541984732, 0.000723963737913131, 0.35774186781293427, 0.010193040296102662, 26.001589112836896, 0.4839598498971891], "scale": [81.88322373907593, 102.90156900198201, 380.68360275317985, 125.91743514017084, 4.6371689696060185, 0.4649549845785769, 652962.350554636, 13.80194291983503, 4630721.342893446, 0.31740880203743926, 101.04659791132033, 0.3215294143078281, 0.3214933528319989, 0.7707052133608052, 0.6877246667158636, 0.9467029071682902, 0.000471017111994964, 0.2735874616073399, 0.04900979334446847, 36.48608244552465, 0.6065229337131592]}