{"mean": [90.87157161464201, 165.1712941410087, 110.32135917093152, 39.678225456156305, 0.3471295060080107, 0.06313751625004056, 20471.57810413885, 4.604511665557704, 3587192.59012016, 0.13137334826574812, 80.36633223822423, 0.4978050110001833, 0.7255688672487404, 2.1317590120160212, 0.8895785314775755, 0.794392523364486, 0.0007203684904519655, 0.3398237048759584, 0.01072292166173527, 24.94675611924425, 0.470668450201823], "scale": [85.48294111398182, 97.5192178778574, 389.14211861610727, 115.5583052561899, 5.482067662758576, 0.4287027112665274, 772297.0053019897, 15.729044421397516, 4922516.793719564, 0.36226894654937186, 103.22484156201061, 0.3269653751717402, 0.3212585080028621, 0.7108445575385676, 0.7095604367237738, 0.941787954300394, 0.0004883616474698326, 0.26777455096656716, 0.05522423947650592, 37.61344238152883, 0.5757738926423301]}