{"mean": [94.79280612724168, 94.79280612724168, 0.0, 0.0, 0.0, 0.15142857443009103, 4.0, 8.892857142857142, 8.917650888540916, 2408891.3214285714, 389.3429865863706, 106.2000013078962, 0.6649472120084933, 0.8830646656985793, 2.5580357142857144, 0.4462292215653828, 0.30357142857142855, 0.0006605714357387374, 0.3877069034746715, 0.01275868543910162, 19.176290467381477, 0.694685958458909, 1.0, 24.714285714285715, 0.0, 0.0, 1.0], "scale": [64.13743130204598, 64.13743130204598, 1.0, 1.0, 1.0, 0.5382625238598987, 1.0, 9.092144512530293, 18.102863146324193, 3346272.2341776467, 1236.8353963035252, 84.76408093163778, 0.30519955735761284, 0.22976749401950347, 0.1933092419161694, 0.2881101881741619, 0.6524580680873255, 0.00048616483891226027, 0.3151452055754971, 0.033374886887501835, 17.157191436049835, 0.6335573670558193, 1.0, 6.39674662206803, 1.0, 1.0, 1.0]}